CATEGORY,CORE,ARTWORK_PATH,BARCODE,GAME_PATH,GAME_NAME,YEAR,HIGHLIGHT
Arika,PSX,tgm.jpg,270000000007,./TGM_PSX_CDDA.cue,Tetris the Grand Master,1998,
Arika,PSX,sakura-tetris.jpg,4526319000044,./Tetris with Card Captor Sakura - Eternal Heart (Japan).cue,,2000,
Capcom,ARCADE,mvc.png,790000000000,./Marvel Vs. Capcom Clash of Super Heroes (Euro 980123).mra,Marvel Vs. Capcom Clash of Super Heroes,1998,
Capcom,ARCADE,caw.png,810000000005,./Carrier Air Wing -World 901012-.mra,Carrier Air Wing,1990,x
Capcom,ARCADE,gsa.png,820000000004,./Gun Smoke.mra,,1985,x
Capcom,NES,gun-smoke-nes.jpg,13388110094,./1 US - G-Q/Gun.Smoke (USA).nes,Gun.Smoke (NES),1988,x
Capcom,TGFX16,1943kai.jpg,4988658910024,./2 PC Engine - A-M/1943 Kai (Japan).pce,,1991,x
Capcom,ARCADE,1943.png,830000000003,./1943 The Battle of Midway (Euro).mra,,1988,x
Capcom,ARCADE,1941.png,840000000002,./1941 Counter Attack -World 900227-.mra,1941 Counter Arrack,1990,x
Capcom,ARCADE,19xx.png,850000000001,./19XX The War Against Destiny (Euro 960104).mra,19XX The Wra Against Destiny,1996,x
Capcom,ARCADE,commando.png,860000000000,./Commando.mra,,1985,x
Capcom,ARCADE,punisher.png,870000000009,./The Punisher (World 930422).mra,The Punisher Arcade,1993,
Capcom,ARCADE,black-tiger.png,880000000008,./Black Tiger.mra,,1987,
Capcom,ARCADE,pang.png,890000000007,./Pang (World).mra,,1989,
Capcom,ARCADE,pang3.png,910000000002,./Pang! 3 -Euro 950601-.mra,Pang! 3,1995,
Capcom,ARCADE,cadillacs-dino.png,920000000001,./Cadillacs and Dinosaurs (World 930201).mra,Cadillacs and Dinosaurs,1993,
Capcom,ARCADE,ghostsngoblins.png,930000000000,./Ghosts'n Goblins (World Set 1).mra,Ghosts 'n Goblins (Arcade),1985,
Capcom,ARCADE,ghoulsnghosts.png,940000000009,./Ghouls'n Ghosts -World-.mra,Ghouls 'n Ghosts (Arcade),1988,
Capcom,SNES,super-gng.jpg,13388130030,./1 US - S/Super Ghouls'n Ghosts (USA).sfc,Super Ghouls 'n Ghosts (SNES),1991,
Capcom,ARCADE,side-arms.png,950000000008,"./Side Arms - Hyper Dyne (World, 861129).mra",Side Arms - Hyper Dyne,1986,x
Capcom,ARCADE,legendary-wings.png,960000000007,./Legendary Wings.mra,,1986,x
Capcom,SNES,goof-troop.jpg,13388130108,./1 US - F-M/Goof Troop (USA).sfc,,1993,
Capcom,ARCADE,nemo.png,970000000006,./Nemo -World 901130-.mra,Nemo,1990,
Capcom,NES,little-nemo.jpg,13388110223,./1 US - G-Q/Little Nemo - The Dream Master (USA).nes,,1990,
Capcom,SNES,demonscrest.jpg,13388130283,./1 US - A-E/Demon's Crest (USA).sfc,,1994,
Capcom,ARCADE,eco-fighters.png,980000000005,./Eco Fighters (World 931203).mra,,1994,x
Capcom,PSX,jojo-psx.jpg,13388210466,./JoJo's Bizarre Adventure (USA).cue,,1999,
Capcom,ARCADE,sfa3.png,990000000004,./Street Fighter Alpha 3 (Euro 980904).mra,Street Fighter Alpha 3,1998,
Capcom,ARCADE,sf.png,101000000004,"./Street Fighter (US, set 1).mra",Street Fighter 1,1987,
Capcom,ARCADE,ssfiit.png,102000000001,./Super Street Fighter II Turbo (World 940223).mra,Super Street Fighter II Turbo,1994,
Capcom,NES,sectionz-nes.jpg,13388110056,./1 US - R-Z/Section-Z (USA).nes,Section-Z (NES),1987,x
Capcom,ARCADE,sectionz.png,103000000008,./SectionZ.mra,,1985,x
Capcom,ARCADE,strider.png,104000000005,"./Strider -USA, B-Board 89624B-2-.mra",Strider (Arcade),1989,
Capcom,ARCADE,tiger-road.png,105000000002,./Tiger Road.mra,,1987,
Capcom,ARCADE,sonson.png,106000000009,./SonSon.mra,,1984,x
Cave,ARCADE,dodonpachi.jpg,160000000001,DoDonPachi.mra,,1997,x
Cave,ARCADE,donpachi.png,170000000000,DonPachi.mra,,1995,x
Cave,ARCADE,esp-ra-de.jpg,180000000009,ESP Ra.De..mra,,1998,x
Cave,ARCADE,guwange.jpg,190000000008,Guwange.mra,,1999,x
Cave,ARCADE,progear.png,210000000003,Progear (USA 010117).mra,Progear,2001,x
Cave,ARCADE,fever-sos.jpg,220000000002,Fever SOS.mra,,1998,x
Compile,GENESIS,musha.png,716065811603,1 US - G-P/MUSHA - Metallic Uniframe Super Hybrid Armor (USA).md,,1990,x
Compile,SMS,r-type-sms.jpg,10086090024,1 US - A-Z/R-Type (World).sms,,1988,x
Compile,TGFX16,blazing-lazers.jpg,92218000422,1 TurboGrafx-16 - A-Z/Blazing Lazers (USA).pce,,1989,x
Compile,SNES,space-megaforce.jpg,91521100065,1 US - S/Space Megaforce (USA).sfc,,1992,x
Compile,SMS.GG,gg-aleste.png,4988161100400,2 Japan - A-Z/GG Aleste (Japan).gg ,GG Aleste,1991,x
Compile,SMS.GG,gg-aleste-ii.jpg,4974365133306,"2 Japan - A-Z/GG Aleste II ~ Power Strike II (Japan, Europe).gg",GG Aleste II,1993,x
Compile,SMS,power-strike.jpg,10086051094,"1 US - A-Z/Power Strike (USA, Europe, Brazil).sms",,1988,x
Compile,SMS,power-strike-ii.jpg,4974365635541,"2 Europe - A-Z/Power Strike II (Europe, Brazil).sms",,1993,x
Compile,GENESIS,dr-robotnik.png,10086017069,1 US - A-F/Dr. Robotnik's Mean Bean Machine (USA).md,,1993,
Compile,TGFX16-CD,seirei.jpg,4988658911038,Seirei_Senshi_Spriggan_(NTSC-J)_[NXCD1004].cue,Seirei Senshi Spriggan,1991,x
Compile,NES,gun-nac.jpg,93992010607,1 US - G-Q/Gun Nac (USA).nes,,1990,x
Compile,PSX,zanac-x-zanac.jpg,4988161100813,Zanac X Zanac (Japan).cue,Zanac X Zanac,2001,x
Compile,TGFX16,devil-crush.jpg,92218000866,1 TurboGrafx-16 - A-Z/Devil's Crush (USA).pce,,1990,
Compile,TGFX16,alien-crush.png,92218000378,1 TurboGrafx-16 - A-Z/Alien Crush (USA).pce,,1988,
Compile,MEGACD,robo-aleste.jpg,31763092803,./Robo_Aleste(US-Genesis).cue,Robo Aleste,1992,x
Data East,GENESIS,atomic-runner.jpg,13252014046,1 US - A-F/Atomic Runner (USA).md,,1992,x
Data East,NEOGEO,spin-master.png,156000000004,./1 World A-Z/Spin Master (spinmast).neo,,1993,
Data East,GENESIS,midnight-resistance.jpg,10086011296,./1 US - G-P/Midnight Resistance (USA).md,,1991,x
Data East,ARCADE,burger-time.png,410000000007,Burger Time (Set 1).mra,BurgerTime,1982,
Data East,NES,b-wings.jpg,4961082610012,./2 Japan/Japan A-D/B-Wings (Japan).nes,,1986,x
Data East,NEOGEO,windjammers.jpg,420000000006,./1 World A-Z/Windjammers (wjammers).neo,,1994,
Data East,NEOGEO,magical-drop-iii.jpg,430000000005,./1 World A-Z/Magical Drop III (magdrop3).neo,,1996,
Data East,GENESIS,vapor-trail.jpg,720238101002,./1 US - Q-Z/Vapor Trail (USA).md,,1991,x
Data East,SNES,super-road-blaster.png,440000000004,./SuperRoadBlaster/SuperRoadBlaster.sfc,Super Road Blaster (Modern Port),1985,
Data East,MEGACD,panic.jpg,13252016002,./Panic! (1994)(Data East)(NTSC)(US)[SEGAT13015RE R1J].cue,Panic!,1993,
HAL Laboratories,NES,airfortress.jpg,40458036077,./1 US - A-F/Air Fortress (USA).nes,,1987,x
HAL Laboratories,NES,eggerland.jpg,4988610101118,./2 Japan/Japan E-J/Eggerland - Meikyuu no Fukkatsu (Japan).nes,,1987,
HAL Laboratories,NES,lolo.jpg,40458011050,./1 US - A-F/Adventures of Lolo (USA).nes,,1989,
HAL Laboratories,NES,lolo2.jpg,40458011081,./1 US - A-F/Adventures of Lolo 2 (USA).nes,,1990,
HAL Laboratories,NES,lolo3.jpg,40458033120,./1 US - A-F/Adventures of Lolo 3 (USA).nes,,1990,
HAL Laboratories,NES,lolo-ii.jpg,660000000006,./2 Japan/Japan A-D/Adventures of Lolo II (Japan).nes,,1990,
HAL Laboratories,NES,lolo-i.jpg,670000000005,./2 Japan/Japan A-D/Adventures of Lolo (Japan).nes,,1990,
HAL Laboratories,NES,newghostbusters-ii.jpg,680000000004,./2 Japan/Japan K-O/New Ghostbusters II (Japan).nes,,1990,
HAL Laboratories,GAMEBOY.COL,pokemonpinball.jpg,45496730901,./1 Game Boy Color/1 GBC US - M-Z/Pokemon Pinball (USA) (Rumble Version) (SGB Enhanced).gbc,Pokemon Pinball,1999,
HAL Laboratories,NES,mother.png,690000000003,./4 Hacks/Hacks K-O/Mother 25th Anniversary Edition (EarthBound Proto Hack_DragonDePlatino) v1.11.nes,Mother 25th Anniversary Edition,1989,
HAL Laboratories,SNES,earthbound.jpg,45496830434,./1 US - A-E/EarthBound (USA).sfc,,1994,
HAL Laboratories,GBA,mother3.jpg,710000000008,./4 Translations/Mother 3 (J) T+Eng v1.2.gba,Mother 3 (English),2006,
Hudson Soft,NES,challenger.jpg,4905505200312,./2 Japan/Japan A-D/Challenger (Japan).nes,,1985,
Hudson Soft,NES,star-soldier.jpg,40886782799,./1 US - R-Z/Star Soldier (USA).nes,,1986,x
Hudson Soft,TGFX16,final-soldier.jpg,4988607200473,./2 PC Engine - A-M/Final Soldier (Japan).pce,,1991,x
Hudson Soft,TGFX16,soldier-blade.jpg,4988607200596,./1 TurboGrafx-16 - A-Z/Soldier Blade (USA).pce,,1992,x
Hudson Soft,NES,adventures-of-dino-riki.jpg,39854000058,./1 US - A-F/Adventures of Dino Riki (USA).nes,,1987,x
Hudson Soft,GENESIS,mega-bomberman.png,10086015737,./1 US - G-P/Mega Bomberman (USA).md,,1994,
Hudson Soft,TGFX16-CD,star-parodier.jpg,4988607250256,./Star Parodier (Japan)/Star Parodier (Japan).cue,,1992,x
Hudson Soft,NES,felix-the-cat.jpg,39854000171,./1 US - A-F/Felix the Cat (USA).nes,,1992,
Hudson Soft,SNES,hagane.jpg,39854000423,./1 US - F-M/Hagane - The Final Conflict (USA).sfc,,1994,
Irem,ARCADE,rtype.png,450000000003,./R-Type (World).mra,,1987,x
Irem,ARCADE,rtype2.png,460000000002,./R-Type II (World).mra,,1989,x
Irem,SNES,rtype3.jpg,32264700174,./1 US - N-R/R-Type III (USA).sfc,,1993,x
Irem,ARCADE,image-fight.png,470000000001,./Image Fight (World).mra,,1988,x
Irem,ARCADE,moon-patrol.png,480000000000,./Moon Patrol.mra,,1982,x
Irem,ARCADE,ninja-spirit.png,490000000009,./Ninja Spirit (Japan).mra,Ninja Spirit (Arcade),1988,
Irem,ARCADE,gallop.png,510000000004,./Gallop - Armed Police Unit (Japan).mra,Cosmic Cop,1991,x
Irem,PSX,rtype-delta.jpg,93992086909,./R-Type Delta (USA).cue,,1998,x
Irem,PSX,in-the-hunt.png,752919470039,./In the Hunt (USA).cue,,1993,x
Irem,NES,metal-storm.jpg,715664190041,./1 US - G-Q/Metal Storm (USA).nes,,1991,
Irem,NES,sqoon.jpg,47956700400,./1 US - R-Z/Sqoon (USA).nes,,1986,x
Konami,ARCADE,track-and-field.jpg,163000000002,./Track & Field.mra,,1983,
Konami,ARCADE,time-pilot.png,310000000000,./Time Pilot.mra,,1982,x
Konami,ARCADE,shaolin.png,161000000008,./_alternatives/_Kicker/shao-lin's road (set 1).mra,Shao-lin's Road,1985,
Konami,ARCADE,time-pilot84.png,320000000009,./Time Pilot '84 (Set 1).mra,,1984,x
Konami,NES,crisis-force.png,4988602569186,./2 Japan/Japan A-D/Crisis Force (Japan).nes,,1991,x
Konami,TGFX16-CD,c-rondo-blood.jpg,4988602607291,"./Akumajou Dracula X - Chi no Rondo (Japan) (FABT, FACT).cue",Castlavania Rondo of Blood,1993,
Konami,ARCADE,scramble.png,330000000008,"./Scramble (Stern, Set 1).mra",,1981,x
Konami,ARCADE,super-cobra.png,340000000007,./Super Cobra.mra,,1981,x
Konami,PSX,castlevania-sotn.jpg,83717170037,./Castlevania - Symphony of the Night (USA).cue,,1997,
Konami,GENESIS,rka.jpg,83717160038,./1 US - Q-Z/Rocket Knight Adventures (USA).md,,1993,
Konami,ARCADE,fast-lane.png,350000000006,./Fast Lane.mra,,1987,
Konami,TGFX16-CD,gradius-2-pce.jpg,4988602599398,./Gradius_2_-_Gofer_no_Yabou_(NTSC-J)_[KMCD2003].cue,Gradius 2 - Gofer no Yabou,1992,x
Konami,NES,life-force.jpg,83717110118,./1 US - G-Q/Life Force (USA).nes,,1987,x
Konami,ARCADE,gradius.png,360000000005,./Nemesis (ROM Version).mra,Gradius,1985,x
Konami,ARCADE,road-fighter.png,370000000004,./Road Fighter (set 1).mra,,1984,x
Konami,PSX,gradius-gaiden.jpg,4988602061208,./Gradius Gaiden (J) (v1.1) [SLPM-86042].cue,Gradius Gaiden,1997,x
Konami,GENESIS,contra-hard-corps.jpg,83717160113,"./1 US - A-F/Contra - Hard Corps (USA, Korea).md",,1994,x
Konami,NES,contra.jpg,83717110095,./1 US - A-F/Contra (USA).nes,,1988,x
Konami,NES,super-c.jpg,83717240204,./1 US - R-Z/Super C (USA).nes,,1990,x
Konami,SNES,contra-iii.jpg,83717150039,./1 US - A-E/Contra III - The Alien Wars (USA).sfc,,1992,x
Konami,PSX,salamander-dx-pack.jpg,4988602036213,./Salamander Deluxe Pack Plus (J) [SLPM-86037].cue,Salamander Deluxe Pack Plus,1997,x
Konami,PSX,sexy-parodius.jpg,4988602029970,./Sexy Parodius (J) [SLPM-86009].cue,Sexy Parodius,1996,x
Konami,NES,quarth.jpg,4988602558302,./2 Japan/Japan P-S/Quarth (Japan).nes,,1990,x
Konami,ARCADE,rush-n-attack.png,380000000003,./Green Beret.mra,Rush ‘n Attack,1985,
Konami,NES,twinbee3.jpg,4988602552331,./2 Japan/Japan T-Z/TwinBee 3 - Poko Poko Daimaou (Japan).nes,,1989,x
Konami,SNES,pop-n-twinbee.jpg,83717145073,./2 Japan - A-Z/Japan P-R/Pop'n TwinBee (Japan).sfc,,1993,x
Konami,NES,yume-penguin.png,4988602564648,./4 Translations/English L-Z/Yume Penguin Monogatari (J) [T+Eng1.01_Vice].nes,Yume Penguin Monogatari,1991,
Konami,ARCADE,kicker.png,390000000002,./Kicker.mra,,1985,
Konami,NES,circus-charlie.jpg,4988603000206,./2 Japan/Japan A-D/Circus Charlie (Japan).nes,,1986,
Konami,NES,gyruss-nes.jpg,83717120056,./1 US - G-Q/Gyruss (USA).nes,,1988,x
Konami,ARCADE,gyruss.png,166000000003,./Gyruss.mra,,1983,x
Konami,SNES,axelay.jpg,83717150053,./1 US - A-E/Axelay (USA).sfc,,1992,x
Konami,SNES,super-castlevania.jpg,83717150015,./1 US - S/Super Castlevania IV (USA).sfc,,1991,
Konami,SNES,tmnt4.jpg,83717150046,./1 US - T-Z/./1 US - T-Z/Teenage Mutant Ninja Turtles IV - Turtles in Time (USA).sfc,,1992,
Konami,PSX,bbs.jpg,4988602748161,./Bishi Bashi Special (E) [SLES-02537].cue,Bishi Bashi Special,2000,
Konami,PSX,bbs3.png,134000000002,./Bishi Bashi Special 3 (Japan) [SLPM-86539].cue,Bishi Bashi Special 3: Step Champ,2000,
Konami,NES,boku-dracula-kun.jpg,4988602558296,./2 Japan/Japan A-D/Akumajou Special - Boku Dracula-kun (Japan).nes,,1990,
Konami,MEGACD,snatcher.jpg,83717165026,./Snatcher (Sega CD) (U)-redump.cue,Snatcher,1994,
Konami,ARCADE,mikie.png,135000000009,./Mikie.mra,,1984,
Konami,TGFX16-CD,force-gear.png,141000000000,./Force Gear (from Tokimeki Memorial).cue,,1994,x
Masaya,GENESIS,gleylancer.jpg,4988616003102,./2 Japan - A-Z/Japan - A-O/Advanced Busterhawk Gleylancer (Japan).md,Gley Lancer,1992,x
Masaya,TGFX16-CD,cho-aniki-pcecd.jpg,4988616002112,./Chou_Aniki_(NTSC-J)_[NSCD2013].cue,Cho Aniki,1992,x
Masaya,PSX,cho-aniki-psx.jpg,4988616010018,./Cho Aniki.cue,Cho Aniki: Kyukyoku Muteki Ginga Saikyo Otoko,1995,x
Masaya,TGFX16-CD,ai-cho-aniki.png,4988616002174,./Ai_Chou_Aniki_(NTSC-J)_[NSCD5018].cue,Ai Cho Aniki,1995,x
Masaya,GENESIS,wings-of-wor.jpg,96338061059,./1 US - Q-Z/Wings of Wor (USA).md,,1991,x
Midway-Williams,ARCADE,defender.png,110000000006,Defender (Red Label).mra,Defender,1981,x
Midway-Williams,ARCADE,sinistar.jpg,120000000005,Sinistar.mra,,1982,x
Midway-Williams,ARCADE,robotron-2084.png,130000000004,Robotron 2084.mra,,1982,x
Midway-Williams,ARCADE,bubbles.png,140000000003,Bubbles.mra,,1982,
Midway-Williams,PSX,mkt.jpg,31719269624,./Mortal Kombat Trilogy (USA) (v1.1).cue,Mortal Kombat Trilogy,1996,
Midway-Williams,GENESIS,nbajam.jpg,21481800125,./1 US - G-P/NBA Jam - Tournament Edition (World).md ,,1995,
Midway-Williams,ARCADE,tapper.png,720000000007,"Tapper (Budweiser, 840127).mra",Tapper,1983,
Midway-Williams,SNES,mk2-snes.jpg,21481620051,./1 US - F-M/Mortal Kombat II (USA) (Rev 1).sfc,,1993,
Midway-Williams,GENESIS,mk3-gen.jpg,31719209446,./1 US - G-P/Mortal Kombat 3 (USA).md,,1995,
Midway-Williams,GENESIS,mk-gen.jpg,734549001081,./1 US - G-P/Mortal Kombat (World).md,,1992,
Midway-Williams,PSX,mk4.jpg,31719268016,Mortal Kombat 4.cue,,1998,
Midway-Williams,ARCADE,space-zap.png,136000000006,./Space Zap.mra,,1980,x
Midway-Williams,GENESIS,umkt.png,126000000007,./4 Hacks/Hacks A-Z/Mortal Kombat Series/Ultimate Mortal Kombat Trilogy (Hack) v23 5125 KABAL_MK.md,,2014,
Mkai,WONDERSWAN.COL,cardinal-sins.png,610000000001,./Cardinal Sins.wsc,,2004,x
Mkai,WONDERSWAN.COL,judgement-silversword.jpg,620000000000,./1 WonderSwan Color A-Z/Judgement Silversword - Rebirth Edition (Japan) (Rev 5C21).wsc,Judgement Silversword - Rebirth Edition,2004,x
Namco,ARCADE,galaga.jpg,100000000007,"Galaga (Midway, Set 1).mra",Galaga,1981,x
Namco,ARCADE,mspacman.jpg,200000000004,_alternatives/_Ms.Pacman/Ms. Pac-man (speedup hack).mra,,1982,
Namco,ARCADE,ms-pac-man.jpg,165000000006,Ms. Pac-Man.mra,,1982,
Namco,PSX,klonoa.jpg,722674020732,Klonoa - Door to Phantomile (USA).cue,,1997,
Namco,ARCADE,gaplus.jpg,300000000001,Gaplus (GP2 Rev B).mra,Gaplus (Arcade),1984,x
Namco,ARCADE,digdug.jpg,155000000007,Dig Dug.mra,Dig Dug,1982,
Namco,NES,gaplus-nes.png,400000000008,gaplus.nes,Gaplus (NES),2020,x
Namco,NES,pacman-ce.png,500000000005,championship.nes,Pac-Man Championship Edition,2020,
Namco,ARCADE,mappy.jpg,600000000002,Mappy (US).mra,,1983,
Namco,ARCADE,pacman.png,700000000009,Pac-Man (Midway).mra,,1980,
Namco,NES,rolling-thunder.jpg,31763012122,2 Unlicensed - A-Z/1 Unlicensed L-R/Rolling Thunder (USA) (Unl).nes,Rolling Thunder (USA),1988,
Namco,GENESIS,rolling-thunder-2.jpg,722674020114,1 US - Q-Z/Rolling Thunder 2 (USA).md,,1992,
Namco,GENESIS,rolling-thunder-3.jpg,722674020213,1 US - Q-Z/Rolling Thunder 3 (USA).md,,1993,
Namco,NES,star-wars-fc.jpg,4907892000360,4 Translations/English L-Z/Star Wars (J) (Namco) \[T+Eng_Mukimuki\&Shinta\].nes,Star Wars (Japan),1987,
Namco,TGFX16,splatterhouse-pce.jpg,4907892031111,2 PC Engine - N-Z/Splatterhouse (Japan).pce,,1990,
Namco,GENESIS,splatterhouse2.jpg,722674020138,1 US - Q-Z/Splatterhouse 2 (USA).md,,1992,
Namco,GENESIS,splatterhouse3.jpg,722674020206,1 US - Q-Z/Splatterhouse 3 (USA).md,,1993,
Namco,NES,splatterhouse-graffiti.jpg,4907892000643,2 Japan/Japan P-S/Splatterhouse - Wanpaku Graffiti (Japan).nes,,1989,
Namco,GENESIS,phelios.jpg,722674020015,1 US - G-P/Phelios (USA).md,,1990,x
Namco,ARCADE,grobda.png,150000000002,"Grobda (W, New Ver.).mra",,1984,x
Namco,PSX,mr-driller.jpg,722674020992,Mr. Driller.cue,,2000,
Namco,PSX,r4-ridge-racer.jpg,722674020848,R4\ -\ Ridge\ Racer\ Type\ 4\ \(USA\).cue,,1998,
Namco,GENESIS,dangerous-seed.jpg,4907892033047,./2 Japan - A-Z/Japan - A-O/Dangerous Seed (Japan).md,,1990,x
Natsume,NES,abadox.jpg,32244040887,1 US - A-F/Abadox - The Deadly Inner War (USA).nes,,1989,x
Natsume,NES,scat.jpg,719593010029,1 US - R-Z/S.C.A.T. - Special Cybernetic Attack Team (USA).nes,,1990,x
Natsume,NES,chojin-sentai-jetman.jpg,4994068800046,2 Japan/Japan A-D/Choujin Sentai Jetman (Japan).nes,,1991,
Natsume,NES,shatterhand.jpg,32264900239,1 US - R-Z/Shatterhand (USA).nes,,1991,
Natsume,NES,dragon-fighter.jpg,93295913018,1 US - A-F/Dragon Fighter (USA).nes,,1990,
Natsume,SNES,pocky-rocky.png,719593030027,1 US - N-R/Pocky & Rocky (USA).sfc,Pocky \& Rocky,1992,x
Natsume,SNES,pocky-rocky2.png,719593030041,1 US - N-R/Pocky & Rocky 2 (USA).sfc,Pocky \& Rocky 2,1994,x
Natsume,SNES,wild-guns.jpg,719593030058,1 US - T-Z/Wild Guns (USA).sfc,,1994,x
Natsume,SNES,ninja-warriors.jpg,20588010857,1 US - N-R/Ninjawarriors (USA).sfc,,1994,
Natsume,SNES,power-rangers-snes.jpg,45557088408,1 US - F-M/Mighty Morphin Power Rangers (USA).sfc,,1994,
Natsume,SNES,power-rangers-movie-snes.jpg,45557088415,1 US - F-M/Mighty Morphin Power Rangers - The Movie (USA).sfc,,1995,
Natsume,GAMEBOY.COL,tony-hawk-2-gbc.jpg,47875122017,"1 Game Boy Color/1 GBC US - M-Z/Tony Hawk's Pro Skater 2 (USA, Europe).gbc",,2000,
Natsume,GAMEBOY.COL,river-king.jpg,719593020059,1 Game Boy/1 GB US - H-Q/Legend of the River King GB (USA) (SGB Enhanced).gb,,1997,
Natsume,NES,mitsume-ga-toru.jpg,138000000000,./2 Japan/Japan K-O/Mitsume ga Tooru (Japan).nes,,1992,
Aicom,NEOGEO,pulstar.jpg,4964808100866,1 World A-Z/Pulstar (pulstar).neo,Pulstar,1995,x
Aicom,NEOGEO,blazing-star.jpg,4964808101214,1 World A-Z/Blazing Star (blazstar).neo,Blazing Star (Yumekobo),1998,x
Aicom,NES,vice-project-doom.jpg,039471905118,1 US - R-Z/Vice - Project Doom (USA).nes,,1991,
Aicom,NEOGEO,viewpoint.jpg,724678245968,1 World A-Z/Viewpoint (viewpoin).neo,Viewpoint,1992,x
SNK,NEOGEO,last-resort.png,800000000006,1 World A-Z/Last Resort (lresort).neo,Last Resort,1992,x
Psikyo,NEOGEO,strikers-1945-plus.jpg,900000000003,1 World A-Z/Strikers 1945 Plus (s1945p).neo,Strikers 1945 Plus,1999,x
Nazca Corporation,NEOGEO,neo-turf-masters.png,115000000001,./1 World A-Z/Neo Turf Masters (turfmast).neo,,1996,
Nazca Corporation,NEOGEO,mslug.jpg,116000000008,./1 World A-Z/Metal Slug - Super Vehicle-001 (mslug).neo,,1996,x
Nazca Corporation,NEOGEO,mslug2.png,117000000005,./1 World A-Z/Metal Slug 2 (mslug2).neo,,1998,x
Nazca Corporation,NEOGEO,mslugx.png,118000000002,./1 World A-Z/Metal Slug X (mslugx).neo,,1999,x
Nazca Corporation,NEOGEO,mslug3.png,119000000009,./1 World A-Z/Metal Slug 3 (mslug3).neo,,2000,x
Noise Factory,NEOGEO,mslug4.jpg,121000000002,./1 World A-Z/Metal Slug 4 (mslug4).neo,,2002,x
Noise Factory,NEOGEO,mslug5.jpg,122000000009,./1 World A-Z/Metal Slug 5 (mslug5).neo,,2004,x
Nichibutsu,ARCADE,terra-cresta.png,131000000001,./Terra Cresta (YM3526 set 1).mra,,1985,x
Nichibutsu,ARCADE,terra-force.png,132000000008,./Terra Force (Japan).mra,,1987,x
Nichibutsu,NES,magmax-nes.jpg,22909100056,./1 US - G-Q/Magmax (USA).nes,,1986,x
Nichibutsu,ARCADE,armed-f.png,133000000005,./Armed F (Japan).mra,,1988,x
Nintendo,ARCADE,dkong.jpg,162000000005,"./Donkey Kong (US, Set 1).mra",,1981,
Nintendo,GAMEBOY.COL,wario-land.jpg,45496730321,./1 Game Boy/1 GB US - R-Z/Wario Land - Super Mario Land 3 (World).gb,Wario Land,1994,
Nintendo,GAMEBOY.COL,wario-land-ii.jpg,45496730888,"./1 Game Boy Color/1 GBC US - M-Z/Wario Land II (USA, Europe) (SGB Enhanced).gbc",Wario Land 2,1998,
Nintendo,GAMEBOY.COL,wario-land-3.jpg,45496731137,"./1 Game Boy Color/1 GBC US - M-Z/Wario Land 3 (World) (En,Ja).gbc",Wario Land 3,2000,
Nintendo,GBA,wario-land-4.jpg,45496731496,"./1 USA - T-Z/Wario Land 4 (USA, Europe).gba",,2001,
Nintendo,GBA,warioware-gba.jpg,45496732370,"./1 USA - T-Z/WarioWare, Inc. - Mega Microgame\$! (USA).gba",,2003,
Nintendo,GAMEBOY.COL,donkey-kong.jpg,45496730352,"./1 Game Boy/1 GB US - A-G/Donkey Kong (Japan, USA) (SGB Enhanced).gb  ",Donkey Kong,1994,
Nintendo,GAMEBOY.COL,game-watch-gal-3.jpg,45496731021,"./1 Game Boy Color/1 GBC US - A-L/Game & Watch Gallery 3 (USA, Europe) (SGB Enhanced).gbc",,1999,
Nintendo,GAMEBOY.COL,links-awakening.jpg,45496730857,"./1 Game Boy Color/1 GBC US - A-L/Legend of Zelda, The - Link's Awakening DX (USA, Europe) (Rev B) (SGB Enhanced).gbc",The Legend of Zelda - Link’s Awakening DX,1998,
Nintendo,GAMEBOY.COL,oracle-ages.jpg,45496731380,"./1 Game Boy Color/1 GBC US - A-L/Legend of Zelda, The - Oracle of Ages (USA).gbc",The Legend of Zelda - Oracle of Ages,2001,
Nintendo,GAMEBOY.COL,oracle-seasons.jpg,45496731373,"./1 Game Boy Color/1 GBC US - A-L/Legend of Zelda, The - Oracle of Seasons (USA).gbc",The Legend of Zelda - Oracle of Seasons,2001,
Nintendo,NES,clucluland.jpg,74299009112,./1 US - A-F/Clu Clu Land (World).nes,,1984,
Nintendo,SNES,tetris-drmario.jpg,45496830403,./1 US - T-Z/Tetris & Dr. Mario (USA).sfc,,1994,
Nintendo,SNES,tetris-attack.jpg,45496830533,"./1 US - T-Z/Tetris Attack (USA) (En,Ja).sfc",,1996,
Nintendo,SNES,fzero.jpg,45496830021,./1 US - F-M/F-Zero (USA).sfc,,1990,
Nintendo,SNES,starfox.jpg,45496830069,./1 US - S/Star Fox (USA) (Rev 2).sfc,Star Fox (USA),1993,
Nintendo,SNES,starfox2.png,640000000008,./3 Special Chip Games/Super FX/Star Fox 2 (USA).sfc ,,2019,x
Nintendo,SNES,super-metroid.jpg,45496830298,"./1 US - S/Super Metroid (Japan, USA) (En,Ja).sfc",,1994,
Nintendo,SNES,super-punch-out.jpg,45496830380,./1 US - S/Super Punch-Out\!\! (USA).sfc,,1994,
Nintendo,NES,punch-out.jpg,45496630287,"./1 US - G-Q/Mike Tyson's Punch-Out!! (Japan, USA) (Rev A).nes",Mike Tyson’s Punch-Out!!,1987,
Nintendo,GBA,pokemonpinball-gba.jpg,45496733308,./1 USA - P-S/Pokemon Pinball - Ruby & Sapphire (USA).gba,,1999,
Nintendo,GBA,mario-pinball.jpg,785138320366,"./1 USA - I-O/Mario Pinball Land (USA, Australia).gba",,2004,
Other,SNES,findluigi.png,169000000004,Find Luigi SNES.sfc,Find Luigi,2024,
Other,GENESIS,adventures-batman-robin.jpg,96427011095,"./1 US - A-F/Adventures of Batman & Robin, The (USA).md",,1995,
Other,ARCADE,snapjack.png,107000000006,./Snap Jack.mra,,1981,
Other,TGFX16-CD,ginga.jpg,4988607250768,./GINGA FUKEI DENSETSU SAPPHIRE.cue,Ginga Fukei Densetsu Sapphire,1995,x
Other,GENESIS,omegablast.png,108000000003,./omega_blast.bin,Omega Blast,2018,x
Other,ARCADE,amazing-maze.png,109000000000,./Amazing Maze.mra,,1976,
Other,PSX,pepsiman.jpg,4933516903069,Pepsiman (Japan).cue,,1999,
Other,NES,recca.png,4988658924014,./2 Japan/Japan P-S/Summer Carnival '92 - Recca (Japan).nes,,1992,x
Other,NES,zombienation.png,8433291019,./1 US - R-Z/Zombie Nation (USA).nes,,1990,x
Other,NES,jekyll.jpg,45557071004,./1 US - A-F/Dr. Jekyll and Mr. Hyde (USA).nes,,1988,
Other,NES,bk.jpg,111000000003,./4 Homebrew/Battle Kid - Fortress of Peril.nes,,2010,
Other,NES,bk2.png,112000000000,./4 Homebrew/Battle Kid 2 - Mountain of Torment (U).nes,,2012,
Other,NES,bkfc.jpg,113000000007,./4 Homebrew/Battle Kid - Dangerous Trap (2018 ver 2.000)(J)[!].nes,,2018,
Other,NES,dick-tracy.jpg,45557072704,./1 US - A-F/Dick Tracy (USA).nes,,1990,
Other,GENESIS,gaiares.jpg,720238100609,"./1 US - G-P/Gaiares (Japan, USA).md",,1990,x
Other,GENESIS,el-viento.png,720238101309,./1 US - A-F/El.Viento (USA).md,,1991,
Other,SNES,tetris-battle-gaiden.png,114000000004,./2 Japan - A-Z/Japan T-Z/Tetris Battle Gaiden (Japan).sfc,,1993,
Other,GENESIS,granada.jpg,720238100302,"./1 US - G-P/Granada (Japan, USA) (Rev A).md",,1990,x
Other,GENESIS,barney.png,10086015348,./1 US - A-F/Barney's Hide & Seek Game (USA).md,,1993,
Other,GENESIS,eliminate-down.jpg,4953507930669,./2 Japan - A-Z/Japan - A-O/Eliminate Down (Japan).md,,1993,x
Other,GENESIS,divine-sealing.jpg,123000000006,./2 Unlicensed - A-Z/Divine Sealing (Japan) (Unl).md,,1991,x
Other,GENESIS,twinkle-tale.png,4934529000011,"./4 Color Enhancements & Restorations/Twinkle Tale Enhanced+Retranslation (Hack) v1 Pyron, T+Eng 20070328 MIJET.md",Twinkle Tale,1992,x
Other,TGFX16,magical-chase.png,124000000003,./1 TurboGrafx-16 - A-Z/Magical Chase (USA).pce,,1991,x
Other,ARCADE,cotton.png,125000000000,"./Cotton (set 4, World) (FD1094 317-0181a).mra",,1991,x
Other,GENESIS,panorama-cotton.jpg,4907940700914,./4 Translations/Panorama Cotton (J) T+Eng v1.0.1 Malias.md,Panorama Cotton,1994,x
Other,PSX,gaiaseed.jpg,127000000004,./Gaiaseed - Project Seed Trap (Japan).cue,,1996,x
Other,S32X,kolibri.jpg,10086845181,"./1 US - A-Z/Kolibri (USA, Europe).32x",,1995,x
Other,S32X,spiderman-weboffire.jpg,10086845174,"./1 US - A-Z/Amazing Spider-Man, The - Web of Fire (USA).32x",,1996,
Other,MEGACD,android-assault.jpg,10086044454,./android_assault_-_sega_CD_T-163015-00.cue,Android Assault - The Revenge of Bari-Arm,1993,x
Other,MEGACD,silpheed.jpg,10086044232,./dw-sylpheed (u).cue,Silpheed,1993,x
Other,GENESIS,devilish.png,721337100095,./1 US - A-F/Devilish - The Next Possession (USA).md,,1992,
Other,GENESIS,verytex.jpg,4988126600044,./2 Japan - A-Z/Japan - P-Z/Verytex (Japan).md,,1991,
Other,GENESIS,overdrive.png,128000000001,./4 Homebrew/Demos & Intros/TiTAN Overdrive Demo (PD) v1.1-106-Final.md,,2013,
Other,GENESIS,overdrive2.png,129000000008,./4 Homebrew/Demos & Intros/TiTAN Overdrive 2 Demo PAL (PD) v1 Titan.md,,2017,
Other,NES,cocoron.png,137000000003,./4 Translations/Selections/Cocoron (J) T+Eng v1 Akujin.nes,,1991,
Other,SATURN,guardian-force.jpg,4944076000341,./Guardian Force (Japan).cue,,1998,x
Other,SATURN,shienryu.jpg,4516365000044,./Shienryu (J).cue,,1997,x
Other,NES,over-horizon.jpg,144000000001,./2 Japan/Japan K-O/Over Horizon (Japan).nes,,1991,x
Other,GAMEBOY.COL,pandora.png,171000000007,./GBC/PandorasBlocks.gbc,Pandora's Blocks,2024,
Raizing,ARCADE,battle-garegga.png,520000000003,./Battle Garegga (Europe - USA - Japan - Asia) (Sat Feb 3 1996).mra,Battle Garegga (World),1996,x
Raizing,ARCADE,battle-bakraid.png,530000000002,./Battle Bakraid - Unlimited Version (USA) (Tue Jun 8 1999).mra,Battle Bakraid - Unlimited Version (USA),1999,x
Raizing,ARCADE,batrider.png,540000000001,./Armed Police Batrider (USA) (Fri Feb 13 1998).mra,Armed Police Batrider,1998,x
Raizing,ARCADE,kingdom-grandprix.png,550000000000,./Kingdom Grandprix.mra,,1994,x
Raizing,ARCADE,dimahoo.png,560000000009,./Dimahoo (Euro 000121).mra,Dimahoo,2000,x
Raizing,ARCADE,sorcer-striker.png,570000000008,./Sorcer Striker.mra,,1993,x
Raizing,ARCADE,souky.jpg,580000000007,./Soukyuu Gurentai - Oubushutsugeki (Japan).cue,,1997,x
Raizing,ARCADE,1944.png,590000000006,./1944 The Loop Master (Euro 000620).mra,1944 The Loop Master,2000,x
Rare,NES,captain-skyhawk.jpg,32244040924,./1 US - A-F/Captain Skyhawk (USA) (Rev A).nes,,1990,x
Rare,NES,marble-madness.jpg,32244048807,./1 US - G-Q/Marble Madness (USA).nes,,1989,
Rare,NES,snake-rattle.jpg,45496630591,./1 US - R-Z/Snake Rattle n Roll (USA).nes,,1990,
RED,TGFX16-CD,gateofthunder.jpg,650000000007,./Gate_of_Thunder_(NTSC-J)_[HCD2025].cue,Gate of Thunder,1992,x
RED,TGFX16-CD,lordsofthunder.jpg,92218001696,./Lords of Thunder [U][SCD][TGXCD1033][Red][1993][PCE][thx-1138-darkwater].cue,Lords of Thunder,1993,x
RED,TGFX16,air-zonk.jpg,92218001511,./1 TurboGrafx-16 - A-Z/Air Zonk (USA).pce,,1992,x
RED,GENESIS,tempo.jpg,10086845044,"./1 US - A-Z/Tempo (Japan, USA).32x",,1995,
SEGA,S32X,space-harrier-32x.jpg,730000000006,"./1 US - A-Z/Space Harrier (Japan, USA).32x",,1994,x
SEGA,ARCADE,e-swat.png,157000000001,"./E-Swat - Cyber Police (set 4, World) (FD1094 317-0130).mra",E-Swat (Arcade),1989,
SEGA,ARCADE,outrun.jpg,740000000005,"./Out Run (sitdown-upright, Rev B).mra",OutRun (Arcade),1986,
SEGA,ARCADE,super-hang-on.jpg,750000000004,./Super Hang-On (sitdown-upright) (unprotected).mra,Super Hang-On (Arcade),1987,
SEGA,SMS,ninja-gaiden-sms.jpg,4974365671013,"./Game Gear/1 US - A-Z/Ninja Gaiden (USA, Europe).gg",,1992,
SEGA,GENESIS,kid-cham.jpg,10086010107,"./1 US - G-P/Kid Chameleon (USA, Europe).md",,1992,
SEGA,GENESIS,comix-zone.png,10086015690,./1 US - A-F/Comix Zone (USA).md,,1995,
SEGA,GENESIS,sonic2.jpg,10086010510,./1 US - Q-Z/Sonic the Hedgehog 2 (World) (Rev A).md,,1992,
SEGA,GENESIS,eternal-champions.jpg,10086011456,./1 US - A-F/Eternal Champions (USA).md,,1995,
SEGA,MEGACD,eternal-champions-cd.jpg,10086044270,Eternal Champions (U).cue,Eternal Champions: Challenge from the Dark Side,1995,
SEGA,S32X,knuckles-chaotix.jpg,10066645037,"./1 US - A-Z/Knuckles' Chaotix (Japan, USA).32x",,1995,
SEGA,MEGACD,ecco-the-dolphin-cd.jpg,10086044089,./Ecco the Dolphin (U).cue,,1993,
SEGA,ARCADE,congo-bongo.png,139000000007,./Congo Bongo.mra,,1983,
SEGA,GENESIS,dick-tracy-gen.jpg,10086010145,./1 US - A-F/Dick Tracy (World).md,,1990,
SEGA,ARCADE,fantasy-zone.jpg,164000000009,"./Fantasy Zone (Rev A, World, S16A).mra",,1986,x
SEGA,ARCADE,golden-axe.png,158000000008,"./Golden Axe (set 6, US) (8751 317-123A).mra",Golden Axe (Arcade),1989,
Seibu Kaihatsu,PSX,raiden-project.jpg,711719440222,"./Raiden Project, The (USA).cue",,1995,x
Seibu Kaihatsu,PSX,raiden-dx.jpg,4529651000451,./Raiden DX (Japan) (Major Wave).cue,,1997,x
Squaresoft,PSX,einhander.jpg,711719424321,Einhander (USA).cue,,1997,x
Sunsoft,NES,super-spy-hunter.jpg,20763110112,1 US - R-Z/Super Spy Hunter (USA).nes,,1991,x
Sunsoft,NES,gimmick.jpg,4907940100615,2 Japan/Japan E-J/Gimmick! (Japan).nes,,1992,
Sunsoft,NES,gremlins2.jpg,20763110143,1 US - G-Q/Gremlins 2 - The New Batch (USA).nes,,1990,
Sunsoft,NES,journey-to-silius.jpg,20763110136,1 US - G-Q/Journey to Silius (USA).nes,,1990,
Sunsoft,NEOGEO,waku-waku-7.jpg,4964808101054,1 World A-Z/Waku Waku 7 (wakuwak7).neo,,1996,
Sunsoft,GENESIS,batman-sunsoft-gen.jpg,20763113014,./1 US - A-F/Batman - The Video Game (USA).md,Batman – The Video Game (Genesis),1991,
Sunsoft,NES,batman-sunsoft-nes.jpg,2076311099,./1 US - A-F/Batman - The Video Game (USA).nes,Batman – The Video Game (NES),1990,
Taito,GENESIS,darius-extra.png,8500107582376,./1 US - A-F/Darius Extra Version (World) (Unl).bin,Darius Extra Version,2020,x
Taito,ARCADE,arkanoid.png,167000000000,Arkanoid (W).mra,,1986,
Taito,PSX,g-darius.jpg,752919470282,./G. Darius (USA).cue,,1998,x
Taito,PSX,raystorm.jpg,735366004828,./RayStorm (USA).cue,,1997,x
Taito,PSX,ray-tracers.jpg,752919470244,./Ray Tracers (USA).cue,,1997,
Taito,PSX,raycrisis.jpg,735366012175,./Raycrisis - Series Termination (USA).cue,,2000,x
Taito,PSX,puliorula.png,4948536190184,./PULIRULA.CUE,,1997,
Taito,PSX,darius-gaiden.jpg,4932873820118,./Darius Gaiden (Japan).cue,,1996,x
Taito,ARCADE,bubble-bobble.png,630000000009,"./Bubble Bobble (US, Ver 5.1).mra",Bubble Bobble (Arcade),1986,
Taito,NES,bubble-bobble-nes.jpg,20588010062,./1 US - A-F/Bubble Bobble (USA).nes,,1987,
Taito,GENESIS,growl.jpg,20588010451,./1 US - G-P/Growl (USA).md,,1991,
Taito,GBA,darius-r.jpg,4907859114048,./2 Japan - A-Z/JP - A-F/Darius R (Japan) (En).gba,,2002,x
Taito,NES,panic-restaurant.jpg,20588010529,./1 US - G-Q/Panic Restaurant (USA).nes,,1992,
Taito,SATURN,elevator-action-returns.jpg,4988736070039,./Elevator Action^2 - Returns (Japan).cue,,1997,
Taito,SATURN,galactic-attack.jpg,21481820543,./Galactic Attack (USA).cue,,1995,x
Takumi,ARCADE,giga-wing.png,280000000006,./Giga Wing (USA 990222).mra,Giga Wing,1999,x
Takumi,ARCADE,mars-matrix.png,290000000005,./Mars Matrix Hyper Solid Shooting (USA 000412).mra,Mars Matrix Hyper Solid Shooting,2000,x
Techno Soft,GENESIS,tfii.jpg,10086010008,"./1 US - Q-Z/Thunder Force II (USA, Europe).md",,1989,x
Techno Soft,GENESIS,tfiii.jpg,93455100067,"./1 US - Q-Z/Thunder Force III (Japan, USA).md",,1990,x
Techno Soft,GENESIS,tfiv.jpg,4974365611439,./2 Japan - A-Z/Japan - P-Z/Thunder Force IV (Japan).md,,1992,x
Techno Soft,PSX,tfv.jpg,735366007270,./Thunder Force V - Perfect System (USA).cue,,1998,x
Techno Soft,GENESIS,herzog-zwei.jpg,10086014006,"./1 US - G-P/Herzog Zwei (USA, Europe).md",,1989,
Techno Soft,GENESIS,devil-crash-md.jpg,4907095000389,./2 Japan - A-Z/Japan - A-O/Devil Crash MD (Japan).md,,1991,
Techno Soft,GENESIS,elemental-master.jpg,720238103006,./1 US - A-F/Elemental Master (USA).md,,1990,x
Tecmo,ARCADE,bomb-jack.jpg,159000000005,Bomb Jack.mra,,1984,
Tecmo,ARCADE,solomons-key.png,760000000003,Solomon's Key.mra,,1986,
Tecmo,ARCADE,rygar.png,770000000002,./Rygar.mra,,1987,
Tecmo,ARCADE,silkworm.png,780000000001,./Silkworm.mra,,1988,x
Tecmo,NES,starforce.jpg,18946110042,./1 US - R-Z/Star Force (USA).nes,,1985,x
Toaplan,ARCADE,out-zone.jpg,230000000001,Out Zone.mra,,1990,x
Toaplan,ARCADE,truxton.png,240000000000,Truxton - Tatsujin.mra,,1988,x
Toaplan,ARCADE,truxton-ii.jpg,250000000009,Truxton II - Tatsujin Oh.mra,,1992,x
Toaplan,GENESIS,zero-wing-gen.jpg,4974365611385,2 Europe - A-Z/1 PAL - S-Z/Zero Wing (Europe).md,,1991,x
Toaplan,ARCADE,zero-wing.png,260000000008,Zero Wing (2P set).mra,Zero Wing (Arcade),1989,x
Toaplan,GENESIS,slap-fight-md.jpg,4991425000118,./2 Japan - A-Z/Japan - P-Z/Slap Fight MD (Japan).md,,1990,x
Toaplan,ARCADE,fire-shark.jpg,96338061035,./Fire Shark.mra,,1989,x
Toaplan,ARCADE,hellfire.jpg,716065824429,Hellfire (2P set).mra,,1989,x
Toaplan,GENESIS,grind-stormer.jpg,31763056508,./1 US - G-P/Grind Stormer (USA).md,,1991,x
Toaplan,GENESIS,twin-cobra.jpg,10086011289,./1 US - Q-Z/Twin Cobra - Desert Attack Helicopter (USA).md,,1991,x
Toaplan,SATURN,batsugun.jpg,4983164733037,./Batsugun (Japan).cue,,1996,x
Toaplan,ARCADE,slap-fight.jpg,142000000007,./SlapFight Bootleg.mra,Slap Fight (Arcade),1986,x
Toaplan,ARCADE,tiger-heli.jpg,143000000004,./Tiger Heli Bootleg.mra,Tiger-Heli (Arcade),1985,x
Treasure Co Ltd.,GENESIS,alien-soldier.png,4974365541309,./2 Japan - A-Z/Japan - A-O/Alien Soldier (Japan).md,,1995,x
Treasure Co Ltd.,GENESIS,dynamite-headdy.jpg,10086015430,"./1 US - A-F/Dynamite Headdy (USA, Europe).md",,1994,
Treasure Co Ltd.,GENESIS,gunstar-heroes.jpg,10086010770,./1 US - G-P/Gunstar Heroes (USA).md,,1993,x
Treasure Co Ltd.,SMS.GG,gh-gg.jpg,4974365133498,./Game Gear/2 Japan - A-Z/Gunstar Heroes (Japan).gg,,1995,x
Treasure Co Ltd.,GENESIS,mcdonald-treasure.jpg,10086010671,./1 US - G-P/McDonald's Treasure Land Adventure (USA).md,,1993,
Treasure Co Ltd.,PSX,rakugaki-showtime.jpg,4988601003247,./Rakugaki Showtime (Japan).cue,,1999,
Treasure Co Ltd.,PSX,silhouette-mirage.jpg,735366007287,./Silhouette Mirage (USA).cue,,1998,
Treasure Co Ltd.,GENESIS,yuuyuuhakusho.png,4974365541224,./4 Translations/Yuu Yuu Hakusho - Makyou Toitsusen Dual Language (J) T+Eng v1 MIJET.md,Yuu Yuu Hakusho - Makyou Toitusen,1994,
Treasure Co Ltd.,SATURN,radiant-silvergun.png,4534373100020,Radiant Silvergun (Japan).cue,,1998,x
Treasure Co Ltd.,GBA,gunstar-super-heroes.jpg,10086600292,./1 USA - D-H/Gunstar Super Heroes (USA).gba,,2005,x
Treasure Co Ltd.,GBA,astroboy.jpg,10086600278,"./1 USA - A-C/Astro Boy - Omega Factor (USA) (En,Ja,Fr,De,Es,It).gba",Astro Boy - Omega Factor,2003,
Vic Tokai,GENESIS,trouble-shooter.jpg,34912784697,./1 US - Q-Z/Trouble Shooter (USA).md,,1991,x
Vic Tokai,GENESIS,battle-mania2.jpg,4966550493036,"./2 Japan - A-Z/Japan - A-O/Battle Mania Daiginjou (Japan, Korea).md",,1993,x
Vic Tokai,GENESIS,decapattack.jpg,10086010275,"./1 US - A-F/DEcapAttack (USA, Europe, Korea).md",,1991,
Vic Tokai,NES,kidkool.jpg,34912784628,./1 US - G-Q/Kid Kool and the Quest for the Seven Wonder Herbs (USA).nes,,1988,
Vic Tokai,NES,krion-conquest.jpg,34912784666,"./1 US - G-Q/Krion Conquest, The (USA).nes",,1990,
Vic Tokai,GENESIS,whip-rush.jpg,720238100104,./1 US - Q-Z/Whip Rush (USA).md,,1990,x
Vic Tokai,GENESIS,mazin-saga.jpg,34912230361,./1 US - G-P/Mazin Saga - Mutant Fighter (USA).md,,1993,x
Vic Tokai,MEGACD,keio-fs.png,9119940658,./Keio_Flying_Squadron(US-Genesis).cue,Keio Flying Squadron,1993,x
ADK,NEOGEO,magician-lord.jpg,145000000008,1 World A-Z/Magician Lord (maglord).neo,Magician Lord,1991,
Video System,SNES,sonic-wings.jpg,146000000005,????,,1992,x
Video System,NEOGEO,sonic-wings-2.jpg,147000000002,1 World A-Z/Aero Fighters 2 (sonicwi2).neo,Sonic Wings 2,1994,x
Video System,NEOGEO,sonic-wings-3.jpg,148000000009,1 World A-Z/Aero Fighters 3 (sonicwi3).neo,Sonic Wings 3,1995,x
ADK,NEOGEO,twinkle-star-sprites.jpg,149000000006,1 World A-Z/Twinkle Star Sprites (twinspri).neo,Twinkle Star Sprites,1996,x
Other,NEOGEO,shock-troopers.jpg,151000000009,1 World A-Z/Shock Troopers (set 1) (shocktro).neo,Shock Troopers,1997,x
SNK,NEOGEO,garou-mark-of-the-wolves.jpg,152000000006,1 World A-Z/Garou - Mark of the Wolves (garou).neo,Garou - Mark of the Wolves,1999,
SNK,NEOGEO,super-sidekicks-3.jpg,153000000003,1 World A-Z/Super Sidekicks 3 (ssideki3).neo,Super Sidekicks 3: The Next Glory,1995,
SNK,NEOGEO,league-bowling.jpg,154000000000,1 World A-Z/League Bowling (lbowling).neo,League Bowling,1990,
Stern,ARCADE,berzerk.jpg,168000000007,./berzerk.mra,Berzerk,1980,
